{
    "__comment": "TNP Limitless 1 Welcome Message",
    "display": {
        "title": {
            "text": "Welcome to TNP Limitless 1!",
            "color": "green",
            "bold": false,
            "italic": false
        },
        "description": {
            "text": "Spawn into the world. Which welcomes you to the modpack.   - Gbergz",
            "color": "gray",
            "italic": true
        },
        "icon": {
            "item": "minecraft:grass_block"
        },
        "frame": "task",
        "show_toast": true,
        "announce_to_chat": true,
        "hidden": true,
        "background": "minecraft:textures/gui/advancements/backgrounds/stone.png"
    },
    "criteria": {
        "Block": {
            "trigger": "minecraft:enter_block",
            "conditions": {
                "block": "minecraft:air"
            }
        }
    },
    "rewards": {
        "experience": 15
    }
}